{
  "fwhm_iso_mm": 13.810905522601168,
  "resels": [
    1.0,
    32.412937056294425,
    348.2353256816149,
    1240.8311814458368
  ],
  "R3_vol_check": 312.8516912813996
}