{
  "fwhm_iso_mm": 13.819137593195642,
  "resels": [
    1.0,
    32.393628645460375,
    347.8205611685377,
    1238.615009958257
  ],
  "R3_vol_check": 312.29292631125185
}