{
  "fwhm_iso_mm": 16651.092223153984,
  "resels": [
    1.0,
    0.02688424311121305,
    0.00023956958527786916,
    7.080288970349323e-07
  ],
  "R3_vol_check": 1.7851585390961701e-07
}