{
  "fwhm_iso_mm": 13.746829606093065,
  "resels": [
    1.0,
    32.56401833889656,
    351.4892397080765,
    1258.2632516354422
  ],
  "R3_vol_check": 317.2468521404291
}