roi,n_vox,n_shift,n_drift,prop_shift,prop_drift
30_Cingulate_Gyrus_posterior_division_left.nii,537,18,44,0.0335195530726257,0.08193668528864059
31_Precuneous_Cortex_left.nii,1174,25,93,0.02129471890971039,0.07921635434412266
32_Cuneal_Cortex_right.nii,147,2,9,0.013605442176870748,0.061224489795918366
47_Supracalcarine_Cortex_left.nii,50,0,3,0.0,0.06
32_Cuneal_Cortex_left.nii,182,5,10,0.027472527472527472,0.054945054945054944
24_Intracalcarine_Cortex_left.nii,190,0,10,0.0,0.05263157894736842
21_Angular_Gyrus_left.nii,396,6,19,0.015151515151515152,0.047979797979797977
30_Cingulate_Gyrus_posterior_division_right.nii,499,28,23,0.056112224448897796,0.04609218436873747
25_Frontal_Medial_Cortex_right.nii,182,2,8,0.01098901098901099,0.04395604395604396
22_Lateral_Occipital_Cortex_superior_division_left.nii,1929,19,83,0.009849663037843442,0.04302747537584241
4_Middle_Frontal_Gyrus_left.nii,1180,107,49,0.09067796610169492,0.04152542372881356
5_Inferior_Frontal_Gyrus_pars_triangularis_left.nii,365,14,14,0.038356164383561646,0.038356164383561646
35_Parahippocampal_Gyrus_posterior_division_right.nii,287,13,11,0.04529616724738676,0.03832752613240418
37_Temporal_Fusiform_Cortex_anterior_division_right.nii,157,2,6,0.012738853503184714,0.03821656050955414
42_Central_Opercular_Cortex_right.nii,373,74,14,0.19839142091152814,0.03753351206434316
39_Temporal_Occipital_Fusiform_Cortex_right.nii,518,6,19,0.011583011583011582,0.03667953667953668
40_Occipital_Fusiform_Gyrus_right.nii,674,5,24,0.00741839762611276,0.03560830860534125
13_Middle_Temporal_Gyrus_temporooccipital_part_left.nii,341,27,12,0.07917888563049853,0.03519061583577713
28_Paracingulate_Gyrus_left.nii,627,10,22,0.01594896331738437,0.03508771929824561
20_Supramarginal_Gyrus_posterior_division_left.nii,433,87,15,0.20092378752886836,0.03464203233256351
2_Insular_Cortex_left.nii,579,14,20,0.024179620034542316,0.03454231433506045
13_Middle_Temporal_Gyrus_temporooccipital_part_right.nii,424,20,14,0.04716981132075472,0.0330188679245283
3_Superior_Frontal_Gyrus_left.nii,1476,24,48,0.016260162601626018,0.032520325203252036
4_Left_Thalamus.nii,123,0,4,0.0,0.032520325203252036
27_Subcallosal_Cortex_right.nii,314,5,10,0.01592356687898089,0.03184713375796178
