{
  "fwhm_iso_mm": 14.06249046227927,
  "resels": [
    1.0,
    31.83305351177068,
    335.8865794051229,
    1175.418275629602
  ],
  "R3_vol_check": 296.35908654818
}