{
  "fwhm_iso_mm": 13.76476191491945,
  "resels": [
    1.0,
    32.52159493650932,
    350.574017498158,
    1253.3519753638693
  ],
  "R3_vol_check": 316.0085683908851
}