roi,n_vox,n_shift,n_drift,prop_shift,prop_drift
45_Heschl's_Gyrus_includes_H1_and_H2_right.nii,70,60,6,0.8571428571428571,0.08571428571428572
45_Heschl's_Gyrus_includes_H1_and_H2_left.nii,81,67,6,0.8271604938271605,0.07407407407407407
46_Planum_Temporale_left.nii,97,79,2,0.8144329896907216,0.020618556701030927
9_Superior_Temporal_Gyrus_anterior_division_left.nii,128,100,14,0.78125,0.109375
10_Superior_Temporal_Gyrus_posterior_division_right.nii,478,344,38,0.7196652719665272,0.0794979079497908
10_Superior_Temporal_Gyrus_posterior_division_left.nii,392,282,26,0.7193877551020408,0.0663265306122449
9_Superior_Temporal_Gyrus_anterior_division_right.nii,132,93,6,0.7045454545454546,0.045454545454545456
43_Parietal_Operculum_Cortex_left.nii,190,128,9,0.6736842105263158,0.04736842105263158
46_Planum_Temporale_right.nii,82,51,4,0.6219512195121951,0.04878048780487805
44_Planum_Polare_left.nii,147,79,7,0.5374149659863946,0.047619047619047616
44_Planum_Polare_right.nii,145,70,8,0.4827586206896552,0.05517241379310345
12_Middle_Temporal_Gyrus_posterior_division_right.nii,351,164,21,0.4672364672364672,0.05982905982905983
11_Middle_Temporal_Gyrus_anterior_division_left.nii,165,71,14,0.4303030303030303,0.08484848484848485
42_Central_Opercular_Cortex_left.nii,401,165,22,0.4114713216957606,0.05486284289276808
11_Middle_Temporal_Gyrus_anterior_division_right.nii,114,44,9,0.38596491228070173,0.07894736842105263
5_Inferior_Frontal_Gyrus_pars_triangularis_right.nii,314,114,17,0.3630573248407643,0.054140127388535034
20_Supramarginal_Gyrus_posterior_division_right.nii,725,240,97,0.3310344827586207,0.13379310344827586
12_Middle_Temporal_Gyrus_posterior_division_left.nii,365,117,17,0.32054794520547947,0.04657534246575343
42_Central_Opercular_Cortex_right.nii,373,111,37,0.2975871313672922,0.09919571045576407
20_Supramarginal_Gyrus_posterior_division_left.nii,433,124,57,0.2863741339491917,0.13163972286374134
43_Parietal_Operculum_Cortex_right.nii,156,44,7,0.28205128205128205,0.04487179487179487
13_Middle_Temporal_Gyrus_temporooccipital_part_left.nii,341,65,41,0.1906158357771261,0.12023460410557185
41_Frontal_Operculum_Cortex_left.nii,213,40,21,0.18779342723004694,0.09859154929577464
18_Superior_Parietal_Lobule_right.nii,452,84,24,0.18584070796460178,0.05309734513274336
4_Middle_Frontal_Gyrus_right.nii,1334,242,175,0.18140929535232383,0.13118440779610194
