roi,n_vox,n_shift,n_drift,prop_shift,prop_drift
5_Left_Caudate.nii,49,0,4,0.0,0.08163265306122448
31_Precuneous_Cortex_left.nii,1174,21,95,0.01788756388415673,0.08091993185689948
21_Angular_Gyrus_left.nii,396,5,31,0.012626262626262626,0.07828282828282829
30_Cingulate_Gyrus_posterior_division_left.nii,537,17,39,0.03165735567970205,0.07262569832402235
22_Lateral_Occipital_Cortex_superior_division_right.nii,1841,34,115,0.018468223791417708,0.06246605105920695
5_Inferior_Frontal_Gyrus_pars_triangularis_left.nii,365,17,20,0.04657534246575343,0.0547945205479452
9_Superior_Temporal_Gyrus_anterior_division_left.nii,128,91,7,0.7109375,0.0546875
6_Inferior_Frontal_Gyrus_pars_opercularis_right.nii,297,7,16,0.02356902356902357,0.05387205387205387
32_Cuneal_Cortex_left.nii,182,5,9,0.027472527472527472,0.04945054945054945
40_Occipital_Fusiform_Gyrus_right.nii,674,5,31,0.00741839762611276,0.04599406528189911
19_Supramarginal_Gyrus_anterior_division_left.nii,401,4,17,0.00997506234413965,0.04239401496259352
13_Middle_Temporal_Gyrus_temporooccipital_part_left.nii,341,27,14,0.07917888563049853,0.04105571847507331
28_Paracingulate_Gyrus_right.nii,745,10,30,0.013422818791946308,0.040268456375838924
30_Cingulate_Gyrus_posterior_division_right.nii,499,28,20,0.056112224448897796,0.04008016032064128
22_Lateral_Occipital_Cortex_superior_division_left.nii,1929,16,75,0.00829445308449974,0.038880248833592534
15_Right_Thalamus.nii,80,0,3,0.0,0.0375
36_Lingual_Gyrus_right.nii,827,14,31,0.016928657799274487,0.037484885126964934
20_Supramarginal_Gyrus_posterior_division_left.nii,433,88,15,0.20323325635103925,0.03464203233256351
31_Precuneous_Cortex_right.nii,989,12,34,0.012133468149646108,0.034378159757330634
3_Superior_Frontal_Gyrus_left.nii,1476,26,50,0.017615176151761516,0.03387533875338753
14_Inferior_Temporal_Gyrus_anterior_division_left.nii,89,1,3,0.011235955056179775,0.033707865168539325
2_Insular_Cortex_right.nii,507,22,17,0.04339250493096647,0.03353057199211045
4_Middle_Frontal_Gyrus_right.nii,1334,105,43,0.07871064467766117,0.03223388305847077
4_Middle_Frontal_Gyrus_left.nii,1180,108,38,0.09152542372881356,0.03220338983050847
20_Supramarginal_Gyrus_posterior_division_right.nii,725,172,23,0.23724137931034484,0.031724137931034485
