{
  "fwhm_iso_mm": 13.945883758125278,
  "resels": [
    1.0,
    32.09922147341044,
    341.5270065046527,
    1205.1498159692471
  ],
  "R3_vol_check": 303.85532198999164
}