roi,n_vox,n_shift,n_drift,prop_shift,prop_drift
45_Heschl's_Gyrus_includes_H1_and_H2_right.nii,70,60,3,0.8571428571428571,0.04285714285714286
45_Heschl's_Gyrus_includes_H1_and_H2_left.nii,81,67,5,0.8271604938271605,0.06172839506172839
46_Planum_Temporale_left.nii,97,79,1,0.8144329896907216,0.010309278350515464
9_Superior_Temporal_Gyrus_anterior_division_left.nii,128,100,15,0.78125,0.1171875
10_Superior_Temporal_Gyrus_posterior_division_left.nii,392,284,22,0.7244897959183674,0.05612244897959184
10_Superior_Temporal_Gyrus_posterior_division_right.nii,478,344,33,0.7196652719665272,0.06903765690376569
9_Superior_Temporal_Gyrus_anterior_division_right.nii,132,93,6,0.7045454545454546,0.045454545454545456
43_Parietal_Operculum_Cortex_left.nii,190,129,8,0.6789473684210526,0.042105263157894736
46_Planum_Temporale_right.nii,82,52,2,0.6341463414634146,0.024390243902439025
44_Planum_Polare_left.nii,147,79,10,0.5374149659863946,0.06802721088435375
44_Planum_Polare_right.nii,145,69,6,0.47586206896551725,0.041379310344827586
12_Middle_Temporal_Gyrus_posterior_division_right.nii,351,165,23,0.4700854700854701,0.06552706552706553
11_Middle_Temporal_Gyrus_anterior_division_left.nii,165,72,15,0.43636363636363634,0.09090909090909091
42_Central_Opercular_Cortex_left.nii,401,167,20,0.4164588528678304,0.04987531172069826
11_Middle_Temporal_Gyrus_anterior_division_right.nii,114,43,9,0.37719298245614036,0.07894736842105263
5_Inferior_Frontal_Gyrus_pars_triangularis_right.nii,314,114,15,0.3630573248407643,0.04777070063694268
20_Supramarginal_Gyrus_posterior_division_right.nii,725,240,89,0.3310344827586207,0.12275862068965518
12_Middle_Temporal_Gyrus_posterior_division_left.nii,365,117,21,0.32054794520547947,0.057534246575342465
42_Central_Opercular_Cortex_right.nii,373,110,34,0.2949061662198391,0.09115281501340483
20_Supramarginal_Gyrus_posterior_division_left.nii,433,124,59,0.2863741339491917,0.13625866050808313
43_Parietal_Operculum_Cortex_right.nii,156,43,6,0.27564102564102566,0.038461538461538464
18_Superior_Parietal_Lobule_right.nii,452,84,27,0.18584070796460178,0.059734513274336286
13_Middle_Temporal_Gyrus_temporooccipital_part_left.nii,341,63,29,0.18475073313782991,0.08504398826979472
41_Frontal_Operculum_Cortex_left.nii,213,39,23,0.18309859154929578,0.107981220657277
4_Middle_Frontal_Gyrus_right.nii,1334,242,181,0.18140929535232383,0.13568215892053972
