{
  "fwhm_iso_mm": 13.761030407278762,
  "resels": [
    1.0,
    32.530413649672596,
    350.7641699723556,
    1254.3718468395202
  ],
  "R3_vol_check": 316.26570934673646
}