roi,n_vox,n_shift,n_drift,prop_shift,prop_drift
45_Heschl's_Gyrus_includes_H1_and_H2_left.nii,81,64,0,0.7901234567901234,0.0
45_Heschl's_Gyrus_includes_H1_and_H2_right.nii,70,53,0,0.7571428571428571,0.0
46_Planum_Temporale_left.nii,97,70,1,0.7216494845360825,0.010309278350515464
9_Superior_Temporal_Gyrus_anterior_division_left.nii,128,92,4,0.71875,0.03125
9_Superior_Temporal_Gyrus_anterior_division_right.nii,132,82,1,0.6212121212121212,0.007575757575757576
10_Superior_Temporal_Gyrus_posterior_division_right.nii,478,296,4,0.6192468619246861,0.008368200836820083
10_Superior_Temporal_Gyrus_posterior_division_left.nii,392,233,0,0.5943877551020408,0.0
43_Parietal_Operculum_Cortex_left.nii,190,99,0,0.5210526315789473,0.0
46_Planum_Temporale_right.nii,82,35,0,0.4268292682926829,0.0
44_Planum_Polare_left.nii,147,62,0,0.4217687074829932,0.0
44_Planum_Polare_right.nii,145,57,1,0.3931034482758621,0.006896551724137931
12_Middle_Temporal_Gyrus_posterior_division_right.nii,351,129,1,0.36752136752136755,0.002849002849002849
11_Middle_Temporal_Gyrus_anterior_division_left.nii,165,56,2,0.3393939393939394,0.012121212121212121
42_Central_Opercular_Cortex_left.nii,401,131,1,0.3266832917705736,0.0024937655860349127
11_Middle_Temporal_Gyrus_anterior_division_right.nii,114,30,0,0.2631578947368421,0.0
20_Supramarginal_Gyrus_posterior_division_right.nii,725,183,13,0.2524137931034483,0.01793103448275862
5_Inferior_Frontal_Gyrus_pars_triangularis_right.nii,314,72,4,0.22929936305732485,0.012738853503184714
42_Central_Opercular_Cortex_right.nii,373,81,5,0.21715817694369974,0.013404825737265416
12_Middle_Temporal_Gyrus_posterior_division_left.nii,365,78,3,0.2136986301369863,0.00821917808219178
20_Supramarginal_Gyrus_posterior_division_left.nii,433,90,10,0.20785219399538107,0.023094688221709007
43_Parietal_Operculum_Cortex_right.nii,156,26,3,0.16666666666666666,0.019230769230769232
8_Temporal_Pole_right.nii,1264,134,17,0.1060126582278481,0.013449367088607595
26_Juxtapositional_Lobule_Cortex_formerly_Supplementary_Motor_Cortex_left.nii,310,32,1,0.1032258064516129,0.0032258064516129032
4_Middle_Frontal_Gyrus_left.nii,1180,118,31,0.1,0.026271186440677965
4_Middle_Frontal_Gyrus_right.nii,1334,132,31,0.09895052473763119,0.023238380809595203
