{
  "fwhm_iso_mm": 13.949445883247709,
  "resels": [
    1.0,
    32.091024628591086,
    341.3526043657223,
    1204.2268119302796
  ],
  "R3_vol_check": 303.6226042932022
}